,chunk,lang,video_id,start,end
0,1,english,yqeyWNv_tRc,0.7749999999999986,5.774999999999999
1,6,english,I1dDjNfD_0A,27.433333333333334,32.43333333333334
