,chunk,lang,video_id,start,end
0,1,english,8EQiSXX-mCE,1.3583333333333325,6.3583333333333325
