,chunk,lang,video_id,start,end
0,1,english,8EQiSXX-mCE,1.3583333333333325,6.3583333333333325
1,4,english,bckDGxSUJAk,16.6,21.6
2,3,english,upXKUXvgeAI,10.25,15.25
3,9,english,zd5OFE8wsrc,41.375,46.375
4,3,english,H6eO8Z-YAE0,11.625,16.625
5,1,english,Nvr2fvyD34Q,2.3000000000000007,7.300000000000001
6,1,english,X5I2RUE7__I,1.9000000000000004,6.9
7,8,english,4kNCVuxwFSM,35.575,40.575
