,chunk,lang,video_id,start,end
0,4,english,wts8HRTi6xs,15.45,20.45
1,2,english,WhQE4SjxYLQ,6.308333333333334,11.308333333333334
2,7,english,jrov70IXNts,30.35,35.35
3,1,english,J6o5JZqzWBw,1.8249999999999995,6.824999999999999
4,1,english,prOFnIoG2hY,0.3833333333333328,5.383333333333333
5,3,english,aNuH8TeXFzk,12.383333333333333,17.383333333333333
6,7,english,MKDs-RN7-pE,30.125,35.125
7,11,english,d9eJNFAPQLY,52.45,57.45
